{
	"sources" : 
	[
		{
			"file" : "D:/ChatRoom/cmake-build-debug/_deps/enet-subbuild/CMakeFiles/enet-populate"
		},
		{
			"file" : "D:/ChatRoom/cmake-build-debug/_deps/enet-subbuild/CMakeFiles/enet-populate.rule"
		},
		{
			"file" : "D:/ChatRoom/cmake-build-debug/_deps/enet-subbuild/CMakeFiles/enet-populate-complete.rule"
		},
		{
			"file" : "D:/ChatRoom/cmake-build-debug/_deps/enet-subbuild/enet-populate-prefix/src/enet-populate-stamp/enet-populate-install.rule"
		},
		{
			"file" : "D:/ChatRoom/cmake-build-debug/_deps/enet-subbuild/enet-populate-prefix/src/enet-populate-stamp/enet-populate-mkdir.rule"
		},
		{
			"file" : "D:/ChatRoom/cmake-build-debug/_deps/enet-subbuild/enet-populate-prefix/src/enet-populate-stamp/enet-populate-download.rule"
		},
		{
			"file" : "D:/ChatRoom/cmake-build-debug/_deps/enet-subbuild/enet-populate-prefix/src/enet-populate-stamp/enet-populate-update.rule"
		},
		{
			"file" : "D:/ChatRoom/cmake-build-debug/_deps/enet-subbuild/enet-populate-prefix/src/enet-populate-stamp/enet-populate-patch.rule"
		},
		{
			"file" : "D:/ChatRoom/cmake-build-debug/_deps/enet-subbuild/enet-populate-prefix/src/enet-populate-stamp/enet-populate-configure.rule"
		},
		{
			"file" : "D:/ChatRoom/cmake-build-debug/_deps/enet-subbuild/enet-populate-prefix/src/enet-populate-stamp/enet-populate-build.rule"
		},
		{
			"file" : "D:/ChatRoom/cmake-build-debug/_deps/enet-subbuild/enet-populate-prefix/src/enet-populate-stamp/enet-populate-test.rule"
		}
	],
	"target" : 
	{
		"labels" : 
		[
			"enet-populate"
		],
		"name" : "enet-populate"
	}
}