{
	"sources" : 
	[
		{
			"file" : "D:/ChatRoom/cmake-build-debug/_deps/enetpp-subbuild/CMakeFiles/enetpp-populate"
		},
		{
			"file" : "D:/ChatRoom/cmake-build-debug/_deps/enetpp-subbuild/CMakeFiles/enetpp-populate.rule"
		},
		{
			"file" : "D:/ChatRoom/cmake-build-debug/_deps/enetpp-subbuild/CMakeFiles/enetpp-populate-complete.rule"
		},
		{
			"file" : "D:/ChatRoom/cmake-build-debug/_deps/enetpp-subbuild/enetpp-populate-prefix/src/enetpp-populate-stamp/enetpp-populate-install.rule"
		},
		{
			"file" : "D:/ChatRoom/cmake-build-debug/_deps/enetpp-subbuild/enetpp-populate-prefix/src/enetpp-populate-stamp/enetpp-populate-mkdir.rule"
		},
		{
			"file" : "D:/ChatRoom/cmake-build-debug/_deps/enetpp-subbuild/enetpp-populate-prefix/src/enetpp-populate-stamp/enetpp-populate-download.rule"
		},
		{
			"file" : "D:/ChatRoom/cmake-build-debug/_deps/enetpp-subbuild/enetpp-populate-prefix/src/enetpp-populate-stamp/enetpp-populate-update.rule"
		},
		{
			"file" : "D:/ChatRoom/cmake-build-debug/_deps/enetpp-subbuild/enetpp-populate-prefix/src/enetpp-populate-stamp/enetpp-populate-patch.rule"
		},
		{
			"file" : "D:/ChatRoom/cmake-build-debug/_deps/enetpp-subbuild/enetpp-populate-prefix/src/enetpp-populate-stamp/enetpp-populate-configure.rule"
		},
		{
			"file" : "D:/ChatRoom/cmake-build-debug/_deps/enetpp-subbuild/enetpp-populate-prefix/src/enetpp-populate-stamp/enetpp-populate-build.rule"
		},
		{
			"file" : "D:/ChatRoom/cmake-build-debug/_deps/enetpp-subbuild/enetpp-populate-prefix/src/enetpp-populate-stamp/enetpp-populate-test.rule"
		}
	],
	"target" : 
	{
		"labels" : 
		[
			"enetpp-populate"
		],
		"name" : "enetpp-populate"
	}
}